row_index,score,top_feature_1,top_shap_1,top_feature_2,top_shap_2,top_feature_3,top_shap_3,top_feature_4,top_shap_4,top_feature_5,top_shap_5
332,0.9951813817024231,num__previous_cancellations,2.1404905319213867,num__lead_time,1.0093822479248047,cat__country_risk_Low,0.6847704648971558,cat__market_segment_Groups,0.5866023898124695,cat__country_risk_High,0.48928380012512207
31,0.9943760633468628,num__previous_cancellations,2.4780831336975098,num__lead_time,0.9542023539543152,cat__country_risk_Low,0.772975504398346,cat__country_risk_High,0.5209804773330688,cat__market_segment_Groups,0.405645489692688
786,0.9943236112594604,num__previous_cancellations,2.4769225120544434,num__lead_time,0.9067031741142273,cat__country_risk_Low,0.7692180275917053,cat__country_risk_High,0.516546368598938,cat__market_segment_Groups,0.41748544573783875
310,0.994299054145813,num__previous_cancellations,2.4957213401794434,num__lead_time,0.9289895296096802,cat__country_risk_Low,0.7743480205535889,cat__country_risk_High,0.5220696926116943,cat__market_segment_Groups,0.4047561585903168
602,0.9942169189453125,num__previous_cancellations,2.491992473602295,num__lead_time,0.9501644372940063,cat__country_risk_Low,0.7750658392906189,cat__country_risk_High,0.5162578821182251,cat__market_segment_Groups,0.40718862414360046
136,0.9924812316894531,num__previous_cancellations,2.330205202102661,num__lead_time,1.0096007585525513,cat__country_risk_Low,0.6499587893486023,cat__country_risk_High,0.35564297437667847,num__total_of_special_requests,0.3179176449775696
506,0.9898509979248047,num__previous_cancellations,2.633133888244629,num__lead_time,0.8471731543540955,cat__country_risk_Low,0.7122467160224915,cat__country_risk_High,0.4598759710788727,num__total_of_special_requests,0.39411720633506775
228,0.989228367805481,num__previous_cancellations,2.1185145378112793,cat__market_segment_Groups,0.6112998723983765,cat__country_risk_Low,0.5494550466537476,num__total_of_special_requests,0.3510780334472656,cat__country_risk_High,0.33382853865623474
306,0.9885281324386597,num__previous_cancellations,2.6557445526123047,num__lead_time,0.7864043116569519,cat__country_risk_Low,0.7072035074234009,cat__country_risk_High,0.4587373733520508,cat__customer_type_Transient-Party,-0.3855563700199127
286,0.9882941246032715,num__previous_cancellations,2.6530537605285645,num__lead_time,0.7957957983016968,cat__country_risk_Low,0.7105308771133423,cat__country_risk_High,0.46045416593551636,cat__customer_type_Transient-Party,-0.388868123292923
235,0.9881189465522766,num__previous_cancellations,2.65628719329834,num__lead_time,0.7990954518318176,cat__country_risk_Low,0.707202136516571,cat__country_risk_High,0.4570319354534149,num__total_of_special_requests,0.3968277871608734
653,0.9878607392311096,num__previous_cancellations,2.695794105529785,num__lead_time,0.7673044800758362,cat__country_risk_Low,0.7120148539543152,cat__country_risk_High,0.4590090215206146,cat__customer_type_Transient-Party,-0.3936009109020233
215,0.985673725605011,num__lead_time,1.3009896278381348,cat__market_segment_Groups,0.9738824367523193,cat__country_risk_Low,0.873805820941925,cat__country_risk_High,0.5808832049369812,num__total_of_special_requests,0.3786465525627136
467,0.9853643774986267,num__previous_cancellations,2.7953989505767822,cat__country_risk_Low,0.720999002456665,num__lead_time,0.571826696395874,cat__country_risk_High,0.40258798003196716,num__total_of_special_requests,0.29032841324806213
65,0.9839935302734375,num__lead_time,1.2182866334915161,cat__country_risk_Low,0.9321236610412598,cat__market_segment_Groups,0.8922616243362427,cat__country_risk_High,0.6288403868675232,num__total_of_special_requests,0.3817046582698822
