feature,mean_abs_shap
cat__country_risk_Low,0.5894566
num__lead_time,0.52203107
num__total_of_special_requests,0.41310823
cat__market_segment_Online TA,0.39286932
cat__country_risk_High,0.3117124
num__previous_cancellations,0.2604824
cat__customer_type_Transient,0.24638057
num__required_car_parking_spaces,0.23350215
cat__market_segment_Groups,0.13866091
num__adr,0.13640143
num__arrival_date_year,0.12588564
cat__customer_type_Transient-Party,0.116777994
num__total_nights,0.08139179
cat__market_segment_Offline TA/TO,0.06466936
num__adr_per_guest,0.06140241
num__arrival_date_day_of_month,0.051955473
num__arrival_date_week_number,0.04683678
cat__market_segment_Direct,0.038775735
num__previous_bookings_not_canceled,0.030333392
cat__arrival_date_month_February,0.017136736
cat__distribution_channel_TA/TO,0.016772069
cat__meal_HB,0.0156125305
cat__meal_Undefined,0.015183962
cat__hotel_City Hotel,0.01484484
cat__arrival_date_month_May,0.011562238
num__total_guests,0.011309064
bin__is_repeated_guest,0.009969754
cat__meal_BB,0.009610328
cat__reserved_room_type_A,0.009037618
cat__meal_SC,0.008759295
cat__distribution_channel_Direct,0.007920772
cat__reserved_room_type_D,0.007888282
cat__arrival_date_month_April,0.0073084603
cat__arrival_date_month_October,0.007087362
cat__gender_account_Female,0.0067875385
bin__has_agent,0.00470537
bin__has_company,0.0046973783
cat__arrival_date_month_June,0.0046264175
cat__arrival_date_month_July,0.004599066
bin__is_family_booking,0.004585295
cat__arrival_date_month_March,0.0038391969
cat__reserved_room_type_F,0.0034692704
cat__hotel_Resort Hotel,0.0031803378
cat__distribution_channel_Corporate,0.0029521722
cat__country_risk_Medium,0.002897957
cat__reserved_room_type_B,0.0028934649
cat__arrival_date_month_August,0.002754954
cat__arrival_date_month_November,0.0023991666
cat__reserved_room_type_E,0.0023363263
cat__gender_account_Male,0.0022960864
cat__arrival_date_month_September,0.0021480634
cat__market_segment_Corporate,0.002101788
cat__arrival_date_month_January,0.0018589912
cat__arrival_date_month_December,0.00055367127
cat__meal_FB,0.00054709293
cat__distribution_channel_GDS,0.00048894796
cat__reserved_room_type_C,0.00023445599
cat__reserved_room_type_G,0.000119554614
cat__market_segment_Complementary,0.0
cat__market_segment_Aviation,0.0
cat__reserved_room_type_H,0.0
cat__customer_type_Contract,0.0
cat__customer_type_Group,0.0
